"Status","Start Time","Stop Time","Duration in ms","Parent Suite","Suite","Sub Suite","Test Class","Test Method","Name","Description"
"passed","Thu Dec 30 23:58:27 GMT+08:00 2021","Thu Dec 30 23:58:27 GMT+08:00 2021","0","","test_calc","TestCalc","","","test_division[2-1-2]",""
"passed","Thu Dec 30 23:58:27 GMT+08:00 2021","Thu Dec 30 23:58:27 GMT+08:00 2021","0","","test_calc","TestCalc","","","test_division[ňôłňôłňôł-3-fail]",""
"passed","Thu Dec 30 23:58:27 GMT+08:00 2021","Thu Dec 30 23:58:27 GMT+08:00 2021","0","","test_calc","TestCalc","","","test_add[@-2-fail]",""
"passed","Thu Dec 30 23:58:27 GMT+08:00 2021","Thu Dec 30 23:58:27 GMT+08:00 2021","0","","test_calc","TestCalc","","","test_add[1-2-3]",""
"passed","Thu Dec 30 23:58:27 GMT+08:00 2021","Thu Dec 30 23:58:27 GMT+08:00 2021","1","","test_calc","TestCalc","","","test_add[ňôłňôłňôł-3-fail]",""
"passed","Thu Dec 30 23:58:27 GMT+08:00 2021","Thu Dec 30 23:58:27 GMT+08:00 2021","1","","test_calc","TestCalc","","","test_division[@-2-fail]",""
"passed","Thu Dec 30 23:58:27 GMT+08:00 2021","Thu Dec 30 23:58:27 GMT+08:00 2021","1","","test_calc","TestCalc","","","test_division[4-0-fail]",""
"passed","Thu Dec 30 23:58:27 GMT+08:00 2021","Thu Dec 30 23:58:27 GMT+08:00 2021","0","","test_calc","TestCalc","","","test_division[2-aaa-fail]",""
"passed","Thu Dec 30 23:58:27 GMT+08:00 2021","Thu Dec 30 23:58:27 GMT+08:00 2021","0","","test_calc","TestCalc","","","test_add[1.5-2.5-4]",""
"passed","Thu Dec 30 23:58:27 GMT+08:00 2021","Thu Dec 30 23:58:27 GMT+08:00 2021","0","","test_calc","TestCalc","","","test_division[2--1--2]",""
"passed","Thu Dec 30 23:58:27 GMT+08:00 2021","Thu Dec 30 23:58:27 GMT+08:00 2021","0","","test_calc","TestCalc","","","test_add[aaa-2-fail]",""
"passed","Thu Dec 30 23:58:27 GMT+08:00 2021","Thu Dec 30 23:58:27 GMT+08:00 2021","0","","test_calc","TestCalc","","","test_division[3-ňôłňôłňôł-fail]",""
"passed","Thu Dec 30 23:58:27 GMT+08:00 2021","Thu Dec 30 23:58:27 GMT+08:00 2021","0","","test_calc","TestCalc","","","test_division[2.4-1.2-2]",""
"passed","Thu Dec 30 23:58:27 GMT+08:00 2021","Thu Dec 30 23:58:27 GMT+08:00 2021","0","","test_calc","TestCalc","","","test_division[2-@-fail]",""
"passed","Thu Dec 30 23:58:27 GMT+08:00 2021","Thu Dec 30 23:58:27 GMT+08:00 2021","0","","test_calc","TestCalc","","","test_division[aaa-2-fail]",""
"passed","Thu Dec 30 23:58:27 GMT+08:00 2021","Thu Dec 30 23:58:27 GMT+08:00 2021","1","","test_calc","TestCalc","","","test_add[2--1-1]",""
